name,address,locality,coordinates.latitude+,coordinates.longitude+,hours.sun,hours.mon,hours.tue,hours.wed,hours.thu,hours.fri,hours.sat
12th & Broadway Restaurant,"999 Park Boulevard, San Diego 92101",East Village,32.715656,-117.153601,,,,,,,
Achiote,"4419 Camino De La Plz, San Ysidro 92173",San Ysidro,32.545263,-117.03993,,,,,,,
Achiote,"4211 Camino De La Plz, San Diego 92173",San Ysidro,32.545263,-117.042361,,,,,,,
Adalberto's Mexican Food,"1868 Rosecrans Street, San Diego 92106",Point Loma,32.73073,-117.224222,,,,,,,
Adalberto's Mexican Food,"2498 Market St, San Diego 92102",Logan Heights/Sherman Heights,32.711737,-117.140477,,,,,,,
Agave Del Mar,"1555 Camino Del Mar Ste 322, Del Mar 92014",Del Mar,32.960558,-117.264508,,,,,,,
Aiberto's Taco Shop,"12711 Poway Rd, Poway 92064",Poway,32.95501,-117.055617,,,,,,,
Aidas Pan de Sal,"9766 Campo Rd, Spring Valley 91977",Spring Valley,32.748137,-116.985917,,,,,,,
Alamilla's Mexican Food,"1350 6th Avenue, San Diego 92101",Core-Columbia,32.719355,-117.159462,,,,,,,
Alamo,"2543 Congress St, San Diego 92110",Old Town,32.752998,-117.194969,,,,,,,
AlanBertos,"6101 University Ave, San Diego 92115",Rolando/Redwood Village,32.752829,-117.064268,,,,,,,
Albertaco's Mexican Food,"6685 El Cajon Blvd, San Diego 92115",College Area,32.768166,-117.054434,,,,,,,
Alberto Taco Shop Mariscos,"2810 El Cajon Boulevard, San Diego 92104",North Park,32.755537,-117.133554,,,,,,,
Alberto's Mexican Food,"6101 University Avenue, San Diego 92115",Rolando/Redwood Village,32.752829,-117.064268,,,,,,,
Alberto's Mexican Food,"1290 Hollister Street, San Diego 92154",Egger Highlands,32.5732622,-117.0845835,,,,,,,
Alberto's Mexican Food,"365 N Rose Street, Escondido 92027",Escondido,33.133532,-117.059388,,,,,,,
Albertos Taco Shop,"3894 41st St, San Diego 92105",City Heights East,32.749486,-117.107073,,,,,,,
Alberto's Taco Shop,"1183 13th Street, Imperial Beach 91932",Imperial Beach,32.575086,-117.105536,,,,,,,
Albert's Mexican Food,"1177 C Street, San Diego 92101",East Village,32.716663,-117.154013,,,,,,,
Albert's Mexican Food,"1530 Jamacha Road, El Cajon 92019",El Cajon,32.768257,-116.928004,,,,,,,
Alfonsos,"1529 Fern St, San Diego 92102",Golden Hill/South Park,32.72165,-117.129136,,,,,,,
Alfonso's of La Jolla,"1251 Prospect Street, La Jolla 92037",La Jolla,32.849062,-117.271559,,,,,,,
Alfonso's of la Jolla,"4045 Bonita Rd, Bonita 91902",Bonita,32.658793,-117.039789,,,,,,,
Aliberto's,"14829 Pomerado Rd, Poway 92064",Poway,32.980806,-117.062135,,,,,,,
Alvaro's Mexican Food,"12608 Sabre Springs Pkwy, San Diego 92128",Scripps Ranch,32.947486,-117.096064,,,,,,,
Amigo Spot,"1333 Hotel Cir S, San Diego 92108",Mission Hills,32.758896,-117.176002,,,,,,,
Amorcito Corazón Mexican Bistro - North Park,"3442 30th Street, San Diego 92104",North Park,32.741926,-117.1302675,,,,,,,
Añejo Bar & Grill,"329 W. Felicita, Escondido 92025",Escondido,33.104292,-117.073546,,,,,,,
Angela's Mexican Food,"1293 Imperial Beach Blvd, Imperial Beach 91932",Imperial Beach,32.576363,-117.105906,,,,,,,
Antonio's Mexican Food,"1755 E Valley Pkwy, Escondido 92027",Escondido,33.135285,-117.056204,,,,,,,
Ariana,"718 jefferson ave. #B, San Diego 92110",Mission Hills,32.74892,-117.192589,,,,,,,
Armando's Mexican Food,"2295 Palm Ave, San Diego 92154",Egger Highlands,32.583663,-117.084347,,,,,,,
Armando's Taco Shop,"10066 Pacific Heights Blvd, San Diego 92121",Sorrento Valley,32.901104,-117.192819,,,,,,,
Arriero's,"431 W 13th Ave, Escondido 92025",Escondido,33.1081695,-117.0787509,,,,,,,
Asada Taco Shop,"4340 Main Street, Chula Vista 91911",Chula Vista,32.594699,-117.039361,,,,,,,
Azteca Mexican,"11277 Camino Ruiz, San Diego 92126",Mira Mesa,32.9268457,-117.1439894,,,,,,,
Bahia Don Bravo,"5504 La Jolla Boulevard, La Jolla 92037",La Jolla,32.812512,-117.268524,,,,,,,
Bahia Grill Mexican,"909 Grand Avenue, San Diego 92109",Pacific Beach,32.794928,-117.252772,,,,,,,
Bahia Mexican,"1985 El Cajon Blvd, San Diego 92104",University Heights,32.755063,-117.144086,,,,,,,
Baja Beach Cafe,"701 Thomas Avenue, San Diego 92109",Pacific Beach,32.793283,-117.255596,,,,,,,
Baja Betty's,"1421 University Avenue, San Diego 92103",Hillcrest,32.748263,-117.150723,,,,,,,
Baja Oyster and Sushi Bar,"1912 Coronado Ave, San Diego 92154",Egger Highlands,32.576637,-117.09235,,,,,,,
Banzai Bar,"3048 Midway Drive, San Diego 92110",East Village,32.750442,-117.20691,,,,,,,
Barra Barra Saloon,"4016 Wallace St, San Diego 92110",Old Town,32.755321,-117.197891,,,,,,,
Barrio Star,"2706 fifth ave, San Diego 92103",Middletown,32.733635,-117.160451,,,,,,,
Bean Voyage,"1455 Frazee Road, San Diego 92108",Mission Valley,32.773665,-117.1583,,,,,,,
Benny's Mexican Food,"1244 30th St, San Diego 92102",Golden Hill/South Park,32.718412,-117.129762,,,,,,,
Berta's Latin American,"3928 Twiggs St, San Diego 92110",Old Town,32.75246,-117.196752,,,,,,,
Black Cat Bar,"4246 University Avenue, San Diego, CA 92105",City Heights East,32.7498512,-117.1034059,,,,,,,
Bracero Cocina de Raiz,"1490 Kettner Boulevard, San Diego 92101",Little Italy,32.7208042,-117.169207,,,,,,,
Bravo's Mexican Bistro/Cantina,"5001 Newport Ave, San Diego 92107",Ocean Beach,32.746883,-117.251342,,,,,,,
Bravo's Taco Shop,"3815 Euclid Ave, San Diego 92105",City Heights East,32.747941,-117.092136,,,,,,,
Brianna’s Mexican Restaurant,"13230 Poway Rd, Poway 92064",Poway,32.9567421,-117.0440442,,,,,,,
Burrito King,"4737 Federal Blvd, San Diego 92102",Oak Park,32.721363,-117.093121,,,,,,,
Burritos Santana,"1337 Palm Ave, Imperial Beach 91932",Imperial Beach,32.5835658,-117.1042699,,,,,,,
Burritos Santana,"6545 University Ave, San Diego 92115",Rolando/Redwood Village,32.755222,-117.055789,,,,,,,
Burros & fries fresh mexican grill,"4705 Clairemont Dr, San Diego 92117",Clairemont,32.830951,-117.205678,,,,,,,
Burros and Fries,"3404 Palm Ave, San Diego 92154",Otay Mesa West,32.5843553,-117.0602105,,,,,,,
Cabais,"3952 Fourth Avenue, San Diego 92103",Hillcrest,32.749135,-117.161762,,,,,,,
Cabo Cantina,"1050 Garnet Avenue, San Diego 92109",Pacific Beach,32.797635,-117.250934,,,,,,,
Cafe 976,"976 Felspar Street, San Diego 92109",Pacific Beach,32.798321,-117.252644,,,,,,,
Cafe Coyote,"2461 San Diego Avenue, San Diego 92110",Old Town,32.75221,-117.194275,,,,,,,
Caliente's Mexican Food,"11815 Sorrento Valley Rd, San Diego 92121",Torrey Pines,32.915882,-117.236465,,,,,,,
California Burrito,"7754 Starling Dr, San Diego 92123",Serra Mesa,32.793147,-117.155923,,,,,,,
Camel's Breath Inn,"10330 Friars Rd, San Diego 92120",Grantville,32.790636,-117.104084,,,,,,,
Candelas,"416 3rd Avenue, San Diego 92101",Marina,32.709506,-117.162081,,,,,,,
Cantina Mayahuel,"2934 Adams Avenue, San Diego 92116",North Park,32.762886,-117.130762,,,,,,,
Carmen's Mexican,"4937 Diane Ave, San Diego 92117",Clairemont,32.835115,-117.186881,,,,,,,
Carnitas Las Michoacanas,"6513 University Ave, San Diego 92115",Rolando/Redwood Village,32.7552689,-117.0561973,,,,,,,
Casa 1915,"1649 El Prado, San Diego 92101",Balboa Park,32.7311102,-117.148621,,,,,,,
Casa Adams,"3038 Adams Avenue, San Diego 92116",North Park,32.76304,-117.129301,,,,,,,
Casa de Pico,"5500 Grossmont Center Dr, La Mesa 91942",La Mesa,32.779798,-117.009728,,,,,,,
Casa De Reyes,"Juan and Wallace, San Diego 92110",Old Town,32.75596,-117.197279,,,,,,,
Casa de Reyes at Fiesta de Reyes,"2754 Calhoun Street, San Diego 92110",Old Town,32.755123,-117.196848,,,,,,,
Casa Del Taco,"1635 Sweetwater Rd, National City 91950",National City,32.661568,-117.082265,,,,,,,
Casa Guadalajara,"4105 Taylor St, San Diego 92110",Old Town,32.757008,-117.198219,,,,,,,
Casa Machado,"3750 John J Montgomery Drive, San Diego 92123",Kearny Mesa,32.812185,-117.140362,,,,,,,
Casa Maria,"16375 Bernardo Center Dr, San Diego 92128",Rancho Bernardo,33.010845,-117.07895,,,,,,,
Casa Maya,"4006 30th Street, San Diego 92104",North Park,32.750539,-117.130362,,,,,,,
Casa Maya Cafe,"4201 Park Blvd, San Diego 92103",University Heights,32.754137,-117.146136,,,,,,,
Casa Medina,"5450 Clairemont Mesa Blvd, San Diego 92117",Clairemont,32.8346162,-117.1736343,,,,,,,
Casa Medina,"3450 El Cajon Blvd, San Diego 92104",City Heights East,32.755395,-117.11889,,,,,,,
Casa Reyes,"2707 Congress St, San Diego 92110",Old Town,32.753137,-117.197815,,,,,,,
Casa Sol Y Mar,"12865 El Camino Real, San Diego 92130",Carmel Valley,32.9512598,-117.2341751,,,,,,,
Casa Sonora's,"5413 Redwood St, San Diego 92105",Oak Park,32.7375818,-117.0787528,,,,,,,
Cat Eye Club,"370 7th Avenue, San Diego 92101",Gaslamp,32.7092092,-117.1583044,,,,,,,
Cbw- Crazy Bowls & Wraps,"665 San Rodolfo Dr, Solana Beach 92075",Solana Beach,32.9932623,-117.259137,,,,,,,
Cesar 7 Mares,"658 Hollister St, San Diego 92154",Egger Highlands,32.584461,-117.084262,,,,,,,
Chavita's Mexican Food,"840 Broadway, San Diego 92101",Core-Columbia,32.715837,-117.157004,,,,,,,
Chile Peppers Mexican Eatery,"10425 Tierrasanta Blvd, San Diego 92124",Tierrasanta,32.823128,-117.103534,,,,,,,
Chile Peppers Mexican Eatery,"10299 Scripps Trl, San Diego 92131",Scripps Ranch,32.911205,-117.080613,,,,,,,
Chipotle Mexican Grill,"3680 Rosecrans Street, San Diego 92110",Point Loma,32.751388,-117.205131,,,,,,,
Chipotle Mexican Grill,"5842 Hardy Ave, San Diego 92115",College Area,32.772737,-117.07143,,,,,,,
Chipotle Mexican Grill,"734 University Avenue, San Diego 92103",Hillcrest,32.7483763,-117.1577349,,,,,,,
Chipotle Mexican Grill,"7081 Clairemont Mesa Boulevard, San Diego 92111",Kearny Mesa,32.8325458,-117.1642456,,,,,,,
Chipotle Mexican Grill,"1055 Torrey Pines Road, Suite 101, San Diego 92037",La Jolla,32.8425505,-117.2720291,,,,,,,
Chipotle Mexican Grill,"8657 Villa La Jolla Drive, San Diego 92037",La Jolla,32.86572,-117.233461,,,,,,,
Chipotle Mexican Grill,"8750 Genesee Avenue, San Diego 92122",University City,32.8690185,-117.2141897,,,,,,,
Chipotle Mexican Grill,"3881 Valley Centre Drive, San Diego 92130",Carmel Valley,32.9374628,-117.2303132,,,,,,,
Chipotle Mexican Grill,"8005 Fletcher Parkway, La Mesa 91942",La Mesa,32.7736397,-117.0269128,,,,,,,
Chipotle Mexican Grill,"1025 Camino De La Reina, San Diego 92108",Mission Valley,32.768105,-117.1528616,,,,,,,
Chipotle Mexican Grill,"2750 Bauer Road, San Diego 92126",Miramar,32.887612,-117.1328221,,,,,,,
Chipotle Mexican Grill,"5500 Campanile Drive, San Diego 92182",College Area,32.776678,-117.06869,,,,,,,
Chipotle Mexican Grill,"2710 Via De La Valle, Del Mar 92014",Del Mar,32.9813431,-117.2499961,,,,,,,
Chipotle Mexican Grill,"5650 Balboa Avenue, San Diego 92111",Clairemont,32.8204876,-117.1789087,,,,,,,
Chipotle Mexican Grill,"1504 Garnet Avenue, San Diego 92109",Pacific Beach,32.79958,-117.242516,,,,,,,
Chipotle Mexican Grill,"10550 Craftsman Way, San Diego 92127",Rancho Bernardo,33.0198945,-117.1107478,,,,,,,
Chipotle Mexican Grill,"11134 Rancho Carmel Drive, San Diego 92128",Carmel Mountain,32.9797378,-117.0826532,,,,,,,
Chipotle Mexican Grill,"13495 Poway Road, Poway 92064",Poway,32.956206,-117.038453,,,,,,,
Chipotle Mexican Grill,"1201 E Valley Parkway, Escondido 92027",Escondido,33.130164,-117.0664722,,,,,,,
Chipotle Mexican Grill,"12098 Fury Lane, El Cajon 92019",El Cajon,32.7435984,-116.9338113,,,,,,,
Chipotle Mexican Grill,"3030 Plaza Bonita Road, National City 91950",National City,32.656186,-117.065741,,,,,,,
Chiquita's Mexican Food,"4110 Home Ave, San Diego 92105",Oak Park,32.723532,-117.107412,,,,,,,
Chito's Taco Shop,"3440 Del Lago Blvd, Escondido 92029",Escondido,33.070804,-117.071083,,,,,,,
Churros El Tigre,"4211 Camino De La Plaza, San Diego 92173",San Ysidro,32.5439834,-117.0429137,,,,,,,
Cidalia's Food Truck,"680 Picador Blvd, San Diego 92154",East Village,32.582184,-117.062198,,,,,,,
"Citlalli: ""The Morning Star""","7327 University Ave., La Mesa 91942",La Mesa,32.7558842,-117.0397244,,,,,,,
City Tacos,"3028 University Avenue, San Diego 92104",North Park,32.748739,-117.1294139,,,,,,,
Coasterra Restaurant,"880 Harbor Island Drive, San Diego 92101",Point Loma,32.7240889,-117.1885683,,,,,,,
Coliman Mexican Food,"1460 S 43rd St, San Diego 92113",Mountain View,32.690944,-117.102662,,,,,,,
Colima's Mexican Food,"2302 University Avenue, San Diego 92104",North Park,32.748619,-117.139805,,,,,,,
Colima's Mexican Food,"4102 Bonita Road, Bonita 91902",Bonita,32.659057,-117.038752,,,,,,,
Consuelo's Authentic Mexican,"10006 Scripps Ranch Blvd, San Diego 92131",Scripps Ranch,32.903507,-117.099221,,,,,,,
Copa Cabana Bar & Grill,"7826 Broadway, Lemon Grove 91945",Lemon Grove,32.743088,-117.02989,,,,,,,
Coronado Cafe,"801 National City Blvd, National City 91950",National City,32.6754198,-117.1064905,,,,,,,
Cosmopolitan Restaurant and Hotel,"2660 Calhoun St, San Diego 92110",Old Town,32.75438,-117.196063,,,,,,,
Cotija Taco Shop,"8300 Paradise Valley Rd, Spring Valley 91977",Spring Valley,32.697587,-117.021093,,,,,,,
Cotija's Cocina Mexicana,"3720 Voltaire Street, San Diego 92107",Point Loma,32.740424,-117.229245,,,,,,,
Cotijas Mexican Food,"10645 Tierrasanta Boulevard, San Diego 92124",Tierrasanta,32.8224646,-117.0997378,,,,,,,
Cotijas Mexican Food,"7695 Broadway, Lemon Grove 91945",Lemon Grove,32.742463,-117.032334,,,,,,,
Cotija's Mexican Food,"17090 Bernardo Center Dr, San Diego 92128",Rancho Bernardo,33.024574,-117.074624,,,,,,,
Cotijas Mexican Grill,"3066 Clairemont Dr, San Diego 92117",Bay Park,32.796312,-117.193437,,,,,,,
Cotijas Mexican Grill,"9335 Paseo Montalban, San Diego 92129",Rancho Penasquitos,32.959026,-117.125725,,,,,,,
Cotija's Taco Shop,"7285 Navajo Rd, San Diego 92119",San Carlos,32.804088,-117.038631,,,,,,,
Cotija's Taco Shop,"4444 Bonita Rd, Bonita 91902",Bonita,32.6605068,-117.0338603,,,,,,,
Cotixan,"3720 Camino Del Rio North, San Diego 92108",Serra Mesa,32.780604,-117.113902,,,,,,,
Cotixan Mexican & Seafood,"3250 Greyling Dr, San Diego 92123",Serra Mesa,32.80214,-117.139891,,,,,,,
Cotixan Mexican and seafood,"4676 Clairemont Mesa Blvd, San Diego 92117",Clairemont,32.834736,-117.189829,,,,,,,
Cotixan Mexican and seafood,"4370 Genesee Ave, San Diego 92117",Clairemont,32.822614,-117.184033,,,,,,,
Cotixan Mexican Food,"8110 Mira Mesa Blvd, San Diego 92126",Mira Mesa,32.912717,-117.148828,,,,,,,
Curadero,"1047 Fifth Avenue, Suite 100, San Diego 92101",East Village,32.716232,-117.159864,,,,,,,
Del Rio Deli,"2815 Camino Del Rio S, San Diego 92108",North Park,32.769474,-117.136728,,,,,,,
Del Taco,"1155 B Street, San Diego 92101",East Village,32.717663,-117.154217,,,,,,,
Del Taco,"3106 Sports Arena Boulevard, San Diego 92110",Point Loma,32.7521751,-117.2051024,,,,,,,
Del Taco,"7919 Mission Center Road, San Diego 92108",Mission Valley,32.7733712,-117.1537178,,,,,,,
Del Taco,"2804 Main Street, San Diego 92113",Barrio Logan,32.693105,-117.13334,,,,,,,
Del Taco,"3896 Clairemont Drive, San Diego 92117",Bay Park,32.8113262,-117.2013216,,,,,,,
Del Taco,"7060 Broadway, Lemon Grove 91945",Lemon Grove,32.7428219,-117.046059,,,,,,,
Del Taco,"1605 E Valley Parkway, Escondido 92027",Escondido,33.133683,-117.058773,,,,,,,
Delicias Taco Shop,"1212 S 43rd St, San Diego 92113",Mountain View,32.693907,-117.102781,,,,,,,
Denali's Pizza,"13158 Poway Rd, Poway 92064",Poway,32.956737,-117.045933,,,,,,,
Dis Frutas,"3647 University Ave, San Diego 92104",City Heights East,32.7497189,-117.1144976,,,,,,,
Don Carlos Taco Shop,"737 Pearl Street, La Jolla 92037",La Jolla,32.839715,-117.275139,,,,,,,
Don Chido,"527 5th Avenue, San Diego 92101",Gaslamp,32.7108459,-117.1599949,,,,,,,
Don Chuy,"650 Valley Ave, Solana Beach 92075",Solana Beach,32.988,-117.258335,,,,,,,
Don Diegos,"4421 Genesee Ave, San Diego 92117",Clairemont,32.824409,-117.184317,,,,,,,
Don Felix Cafe,"143 W San Ysidro Blvd, San Ysidro 92173",San Ysidro,32.553061,-117.045896,,,,,,,
Don Guero's Mexican Food,"1850 Coronado Ave Ste 401, San Diego 92154",Egger Highlands,32.576523,-117.093757,,,,,,,
Don Lucio's Mexican Grill,"2360 Paseo De Las Americas, San Diego 92154",Otay Mesa West,32.554826,-116.936406,,,,,,,
Don Lucio's Taco Shop,"2470 Roll Dr, San Diego 92154",Otay Mesa West,32.553531,-116.937562,,,,,,,
Don Pollo,"13338 Poway Rd, Poway 92064",Poway,32.9565179,-117.0417327,,,,,,,
Dos Brasas Taco Shop,"1890 San Diego Ave, San Diego 92110",Mission Hills,32.744828,-117.185398,,,,,,,
Dos Panchos,"2511 Coronado Ave, San Diego 92154",Otay Mesa West,32.576363,-117.079366,,,,,,,
Dos Primos Taco Shop,"3082 Fairmount Ave, San Diego 92105",City Heights East,32.738543,-117.10139,,,,,,,
D'Sotos Mexican Food,"8155 Mira Mesa Blvd, San Diego 92126",Mira Mesa,32.9109736,-117.1475394,,,,,,,
Eiberto's Taco Shop,"111 S Meadowbrook Dr, San Diego 92114",Paradise Hills,32.702343,-117.030501,,,,,,,
El Agave,"2304 San Diego Ave, San Diego 92110",Mission Hills,32.749534,-117.192266,,,,,,,
El Amigo Mexican Food,"1004 Palm Ave, Imperial Beach 91932",Imperial Beach,32.5839792,-117.1113875,,,,,,,
El Armandos,"13095 Poway Rd, Poway 92064",Poway,32.956363,-117.047304,,,,,,,
El Azteca Taco Shop,"8306 Pkwy Dr, La Mesa 91942",La Mesa,32.778595,-117.018117,,,,,,,
El Borrego,"4280 El Cajon Blvd, San Diego 92105",Kensington,32.755337,-117.102382,,,,,,,
El Camino Super Cocina Mexicana,"2400 India Street, San Diego 92101",Little Italy,32.729376,-117.170811,,,,,,,
El Carrito,"2154 Logan Ave, San Diego 92113",Barrio Logan,32.69866,-117.139979,,,,,,,
El Charko Grill & Bar,"2415 San Diego Ave, San Diego 92110",Old Town,32.7518908,-117.1940797,,,,,,,
El Charro,"2175 Avenida De La Playa, La Jolla 92037",La Jolla,32.853628,-117.255991,,,,,,,
El Chentin,"2121 Imperial Ave, San Diego 92102",Logan Heights/Sherman Heights,32.706163,-117.144614,,,,,,,
El Chila Mexican Food,"1753 Palm Ave, San Diego 92154",Egger Highlands,32.583663,-117.095894,,,,,,,
El Cilantro,"764 13th Street, Imperial Beach 91932",Imperial Beach,32.5828307,-117.1057418,,,,,,,
El Comal,"2822 Imperial Ave, San Diego 92102",Logan Heights/Sherman Heights,32.706537,-117.133408,,,,,,,
El Comal Bar and Grill,"3946 Illinois Street, San Diego 92104",North Park,32.749347,-117.127862,,,,,,,
El Compadre Taco Shop,"7327 University Ave, La Mesa 91941",La Mesa,32.755978,-117.039569,,,,,,,
El Cora Mexican Food,"8415 Paradise Valley Rd, Spring Valley 91977",Spring Valley,32.697653,-117.017607,,,,,,,
El Cuervo Taco Shop,"110 W Washington Street, San Diego 92103",Hillcrest,32.750137,-117.164141,,,,,,,
El Faro,"2249 Imperial Ave, San Diego 92102",Logan Heights/Sherman Heights,32.706163,-117.143206,,,,,,,
El Gran Taco,"5059 Federal Blvd, San Diego 92102",Oak Park,32.721263,-117.086081,,,,,,,
El Guero 2,"2455 Otay Center Drive,Suite 114, San Diego 92154",Otay Mesa West,32.555478,-116.941229,,,,,,,
El Guero Taco Shop,"2036 Dairy Mart Rd, San Diego 92173",San Ysidro,32.560592,-117.0634302,,,,,,,
El Indio Mexican Restaurant,"3695 India St, San Diego 92103",Mission Hills,32.7423208,-117.1802455,,,,,,,
El Jacalito Grill,"4252 Bonita Rd, Bonita 91902",Bonita,32.6605612,-117.034235,,,,,,,
El Jalapeño,"482 W San Ysidro Blvd, San Ysidro 92173",San Ysidro,32.555867,-117.053715,,,,,,,
El Maguey,"13319 Poway Rd, Poway 92064",Poway,32.956263,-117.042186,,,,,,,
El Mango Manila,"2204 Dairy Mart Rd, San Ysidro 92173",San Ysidro,32.556592,-117.062571,,,,,,,
El Nueva Milenio Taco Shop,"2323 E Division St, National City 91950",National City,32.689353,-117.086179,,,,,,,
El Paisa,"3096 National Ave., San Diego 92113",Logan Heights/Sherman Heights,32.696103,-117.127561,,,,,,,
El Paisa,"4687 Logan Ave, San Diego 92113",Mountain View,32.696663,-117.094176,,,,,,,
El Patio of Old Town,"2611 San Diego Ave, San Diego 92110",Old Town,32.753389,-117.1959528,,,,,,,
El Patron,"12265 Scripps Poway Pkwy, Poway 92064",Poway,32.934469,-117.062542,,,,,,,
El Patron Mexican Food,"5065 Logan Ave, San Diego 92113",Encanto,32.6964258,-117.0863308,,,,,,,
El Patron Mexican Grill,"15817 Bernardo Center Dr, San Diego 92127",Rancho Bernardo,33.005117,-117.09156,,,,,,,
El Patron Traditional Mexican,"9460 Mira Mesa Blvd, San Diego 92126",Mira Mesa,32.917436,-117.122227,,,,,,,
El Pollo Grill,"7836 Broadway, Lemon Grove 91945",Lemon Grove,32.742937,-117.029781,,,,,,,
El Pollo Loco,"3444 Midway Drive, San Diego 92110",Point Loma,32.7510758,-117.2128932,,,,,,,
El Pollo Loco,"1535 Palm Avenue, San Diego 92154",Egger Highlands,32.5834439,-117.1003881,,,,,,,
El Pollo Loco,"5415 El Cajon Boulevard, San Diego 92115",City Heights East,32.7575117,-117.0790269,,,,,,,
El Pollo Loco,4990 Baltimore Drive 91942,La Mesa,32.7692743,-117.0250566,,,,,,,
El Pollo Loco,"2795 Main Street, San Diego 92113",Barrio Logan,32.692663,-117.133936,,,,,,,
El Pollo Loco,"2017 Camino Del Este, San Diego 92108",Mission Valley,32.7709433,-117.1442063,,,,,,,
El Pollo Loco,"10715 Scripps Poway Parkway, San Diego 92131",Scripps Ranch,32.9365382,-117.0977912,,,,,,,
El Pollo Loco,"6121 Mission Gorge Road, San Diego 92120",Grantville,32.7858917,-117.0973699,,,,,,,
El Pollo Loco,"12847 El Camino Real, San Diego 92130",Carmel Valley,32.9508422,-117.2342092,,,,,,,
El Pollo Loco,"7087 Broadway, Lemon Grove 91945",Lemon Grove,32.7421908,-117.0455492,,,,,,,
El Pollo Loco,"11895 Carmel Mountain Road, San Diego 92128",Carmel Mountain,32.9813139,-117.0767786,,,,,,,
El Pollo Loco,"1408 E Valley Parkway, Escondido 92027",Escondido,33.1325939,-117.0633028,,,,,,,
El Pollo Loco,"1145 Avocado Avenue, El Cajon 92020",El Cajon,32.779682,-116.957834,,,,,,,
El Portal,"1655 Brandywine Avenue, Chula Vista 91911",Chula Vista,32.601273,-117.029136,,,,,,,
El Portal Fresh Mexican Grill,"5618 Mission Center Road, San Diego 92108",Mission Valley,32.776158,-117.154351,,,,,,,
El Portal Fresh Mexican Grill,"4101 Genesee Ave, San Diego 92111",Clairemont,32.817486,-117.180724,,,,,,,
El Ranchero Taco Shop,"4370 Palm Ave, San Diego 92154",Otay Mesa West,32.583879,-117.03972,,,,,,,
El Ranchero Taco Shop,"3344 Main Street, Chula Vista 91911",Chula Vista,32.594894,-117.061438,,,,,,,
El Ranchito Taco Shop,"13654 Poway Road, Poway 92064",Poway,32.956637,-117.035722,,,,,,,
El Ranchito Taco Shop,"14149 Twin Peaks Road, Poway 92064",Poway,32.97758,-117.023909,,,,,,,
El Real Mexican Food,"2335 Reo Dr, San Diego 92139",Paradise Hills,32.676259,-117.065081,,,,,,,
El Real Mexican Food,"5058 Imperial Ave, San Diego 92113",Encanto,32.704401,-117.085694,,,,,,,
El Rey Moro Taco Shop,"4471 Clairemont Mesa Blvd, San Diego 92117",Clairemont,32.8344038,-117.1957006,,,,,,,
El Rey Taco Shop,"4386 Moraga Ave, San Diego 92117",Clairemont,32.8232717,-117.2141278,,,,,,,
El Roberto,"12370 Poway Rd, Poway 92064",Poway,32.952036,-117.063368,,,,,,,
El Rodeo,"5149 Waring Rd, San Diego 92120",Grantville,32.791412,-117.081774,,,,,,,
El Rodeo Mexican Food,"6187 University Ave, San Diego 92115",Rolando/Redwood Village,32.753381,-117.062413,,,,,,,
El Rodeo Mexican Food,"6924 El Cajon Blvd, San Diego 92115",College Area,32.768837,-117.048682,,,,,,,
El Sol Mexican,"2037 University Avenue, San Diego 92104",North Park,32.748263,-117.142862,,,,,,,
El Tocayo Mexican Food,"106 Calle Primera, San Diego 92173",San Ysidro,32.550327,-117.044361,,,,,,,
El Torito,"5024 Baltimore Dr, La Mesa 91941",La Mesa,32.770494,-117.025904,,,,,,,
El Torito,"8223 Mira Mesa Blvd, San Diego 92126",Mira Mesa,32.912463,-117.146458,,,,,,,
El Torito,"3030 Plaza Bonita Rd, National City 91950",National City,32.656186,-117.065741,,,,,,,
El Zarape,"3201 Adams Ave, San Diego 92116",Normal Heights,32.763286,-117.124847,,,,,,,
El Zarape Mexican,"4642 Park Blvd, San Diego 92116",University Heights,32.761633,-117.146462,,,,,,,
Elena's Mexican Food,"10920 Roselle St, San Diego 92121",Sorrento Valley,32.901805,-117.225376,,,,,,,
Emilianos Mexican,"6690 Mission Gorge Rd, San Diego 92120",Grantville,32.795299,-117.09615,,,,,,,
En Fuego Cantina & Grill,"1342 Camino Del Mar, Del Mar 92014",Del Mar,32.957951,-117.264932,,,,,,,
Ernesto's Taco Shop,"3182 National Ave, San Diego 92113",Logan Heights/Sherman Heights,32.696137,-117.12575,,,,,,,
Family House of Pancakes,"1900 E Plaza Blvd, National City 91950",National City,32.676371,-117.086631,,,,,,,
Fat Fish Cantina,"4474 Mission Boulevard, San Diego 92109",Pacific Beach,32.796186,-117.2555049,,,,,,,
Fidel's Little Mexico,"607 Valley Ave, Solana Beach 92075",Solana Beach,32.989102,-117.258689,,,,,,,
Fiesta Cantina,"142 University Avenue, San Diego 92103",Hillcrest,32.7484,-117.163391,,,,,,,
Fiesta Mexican Grille,"9450 Scranton Rd, San Diego 92121",Sorrento Valley,32.893642,-117.201753,,,,,,,
Filiberto's Mexican Food,"2399 Ulric St, San Diego 92111",Linda Vista,32.7867249,-117.1697688,,,,,,,
Filiberto's Mexican Food,"3446 University Ave, San Diego 92104",City Heights East,32.749937,-117.119497,,,,,,,
Filiberto's Mexican Food,"7102 University Ave, La Mesa 91941",La Mesa,32.75498,-117.046331,,,,,,,
Fins Mexican Eatery,"8657 Villa La Jolla Drive, La Jolla 92037",La Jolla,32.865606,-117.231967,,,,,,,
Fred's Mexican Cafe,"2470 San Diego Ave, San Diego 92110",Old Town,32.75252,-117.194214,,,,,,,
Fresh Mxn Food,"12865 Rancho Penasquitos Blvd, San Diego 92129",Rancho Penasquitos,32.9507528,-117.1067755,,,,,,,
Fridas Cocina,"1615 E Plaza Blvd, National City 91950",National City,32.6769144,-117.0884357,,,,,,,
Fruit Barr Caffe,"1660 Broadway, Suite 14, Chula Vista 91911",Chula Vista,32.5968202,-117.0768523,,,,,,,
Funky Garcia's,"421 Market Street, San Diego 92101",Gaslamp,32.711342,-117.160841,,,,,,,
Gabriel's Tortilleria,"2480 Imperial Ave, San Diego 92102",Logan Heights/Sherman Heights,32.706496,-117.140736,,,,,,,
Galaxy Taco,"2259 Avenida De La Playa, San Diego, CA 92037",La Jolla,32.8536817,-117.2541131,,,,,,,
Gallegos Mexican,"4728 University Ave, San Diego 92105",City Heights East,32.749737,-117.092735,,,,,,,
Garcia's Mexican Food,"2540 Main Street, Chula Vista 91911",Chula Vista,32.594937,-117.078978,,,,,,,
Gloria's Taco Shop,"1233 28th St, San Diego 92102",Golden Hill/South Park,32.71832,-117.133635,,,,,,,
Graciela's Taco Shop,"8300 Paradise Valley Rd Ste 105, Spring Valley 91977",Spring Valley,32.697912,-117.019819,,,,,,,
Guadalajara de Noche,"111 Olive Dr, San Ysidro 92173",San Ysidro,32.552956,-117.042997,,,,,,,
Gualberto's 2,"5447 Kearny Villa Road, San Diego 92123",Kearny Mesa,32.832793,-117.138279,,,,,,,
Gualbertos Taco Shop,"2665 Market St, San Diego 92102",Logan Heights/Sherman Heights,32.711463,-117.136806,,,,,,,
Gualberto's Taco Shop,"5871 University Ave, San Diego 92115",Rolando/Redwood Village,32.74999,-117.070736,,,,,,,
Gualberto's Taco Shop,"6215 Imperial Ave, San Diego 92114",Encanto,32.709734,-117.063523,,,,,,,
Gualberto's Taco Shop 4,"8042 Clairemont Mesa Boulevard, San Diego 92111",Kearny Mesa,32.832947,-117.149844,,,,,,,
Guava Beach Bar & Grill,"3714 Mission Blvd, San Diego 92109",Mission Beach,32.782804,-117.252662,,,,,,,
Guerro Taco Shop,"3716 Main St, San Diego 92113",Barrio Logan,32.685087,-117.114559,,,,,,,
Habanero Street Tacos,"4741 Clairemont Mesa Blvd, San Diego 92117",Clairemont,32.834153,-117.188236,,,,,,,
Habanero's,"6785 Mira Mesa Blvd, San Diego 92121",Mira Mesa,32.907274,-117.17188,,,,,,,
Hacienda de Vega,"2608 S Escondido Blvd, Escondido 92025",Escondido,33.088495,-117.071764,,,,,,,
Harvest Taco Shop,"9350 Clairemont Mesa Boulevard, San Diego 92123",Kearny Mesa,32.832505,-117.127333,,,,,,,
Hector's Mexican & Seafood,"1224 Rosecrans Street, San Diego 92106",Point Loma,32.723162,-117.230976,,,,,,,
Hector's Taco Shop,"1045 Elkelton Blvd, Spring Valley 91977",Spring Valley,32.713581,-117.016961,,,,,,,
Hernandez' Hideaway,"19320 Lake Dr, Escondido 92029",Escondido,33.063201,-117.119967,,,,,,,
Hilberto's Mexican Food,"836 Euclid Ave, National City 91950",National City,32.682295,-117.082413,,,,,,,
Hilberto's Mexican Food,"2648 Jamacha Rd, El Cajon 92019",El Cajon,32.744045,-116.931968,,,,,,,
Hola Che,"1136 Garnet Avenue, San Diego 92109",Pacific Beach,32.7982193,-117.2492655,,,,,,,
Homemade Tamales,"7123 Broadway, Lemon Grove 91945",Lemon Grove,32.742362,-117.044251,,,,,,,
Hortencia's Taco Shop,"1015 Grand Ave, Spring Valley 91977",Spring Valley,32.715153,-116.997133,,,,,,,
Hot Dogs el Tigre,"3581 University Avenue San Diego, CA 92104",City Heights East,32.749494,-117.116011,,,,,,,
Huapangos Mexican Cuisine,"3693 5Th Avenue, San Diego 92103",Hillcrest,32.744943,-117.160264,,,,,,,
Humberto's Taco Shop,"1015 25th St, San Diego 92102",Golden Hill/South Park,32.716062,-117.140136,,,,,,,
Humberto's Taco Shop,"1136 S 43rd St, San Diego 92113",Mountain View,32.694667,-117.102562,,,,,,,
Ignacio Segura,"560arenas st., San Diego 92154",Otay Mesa West,32.57756,-117.044229,,,,,,,
Isabel's Cantina,"966 Felspar Street, San Diego 92109",Pacific Beach,32.798498,-117.252573,,,,,,,
It's a Taco Shop,"3910 W Point Loma Boulevard, San Diego 92110",Point Loma,32.754874,-117.220224,,,,,,,
Izalli,"3564 University Ave, San Diego 92104",City Heights East,32.749904,-117.116371,,,,,,,
J V's Mexican Food,"1112 Morena Blvd, San Diego 92110",Linda Vista,32.768727,-117.20025,,,,,,,
Jalapenos Mexican Food,"11835 Carmel Mountain Rd, San Diego 92128",Carmel Mountain,32.980704,-117.07748,,,,,,,
Jalisco Cafe,"1669 Palm Ave, San Diego 92154",Egger Highlands,32.5836603,-117.0976993,,,,,,,
Jalisco Cafe,"4026 Bonita Rd, Bonita 91902",Bonita,32.658246,-117.040108,,,,,,,
Jaquins,"5102 Imperial Ave, San Diego 92114",Encanto,32.704713,-117.084917,,,,,,,
Jilbertos Mexican Food,"1301 E Valley Pkwy, Escondido 92027",Escondido,33.131232,-117.065015,,,,,,,
Jilberto's Mexican Food,"3305 Palm Ave, San Diego 92154",Otay Mesa West,32.583663,-117.061768,,,,,,,
Jimmy Carter's Mexican Cafe,"3172 5th Ave, San Diego 92103",Middletown,32.738353,-117.160527,,,,,,,
Josefas Cocina Mexicana,"909 Prospect Street, Suite 290, La Jolla 92037",La Jolla,32.8461651,-117.2753734,,,,,,,
Jose's,"1037 Prospect Street , La Jolla 92037",La Jolla,32.84763,-117.274214,,,,,,,
Jose's Pollos,"2802 Ocean View Blvd, San Diego 92113",Logan Heights/Sherman Heights,32.701451,-117.133621,,,,,,,
Juan Bertos Mexican Food,"9530 Miramar Rd, San Diego 92126",Miramar,32.893937,-117.122967,,,,,,,
JV's Mexican Food,"1112 Morena Boulevard, San Diego, CA 92110",Linda Vista,32.768628,-117.2004424,,,,,,,
Karina's Mexican Seafood,"925 B Street, Suite 101, San Diego 92101",Core-Columbia,32.717539,-117.155911,,,,,,,
Karina's Mexican Seafood,"820 Jamacha Rd, El Cajon 92019",El Cajon,32.784997,-116.928062,,,,,,,
Kennedy's Karne,"1760 E Valley Pkwy, Escondido 92027",Escondido,33.1357862,-117.056753,,,,,,,
Kotija Jr Taco Shop,"2668 Del Mar Trails Rd, San Diego 92130",Carmel Valley,32.9444908,-117.2245231,,,,,,,
Kotija Taco Shop,"295 E Orange Avenue, Chula Vista 91911",Chula Vista,32.604608,-117.039368,,,,,,,
Kotija Taco Shop,"2319 E Valley Pkwy # B, Escondido 92027",Escondido,33.140234,-117.045568,,,,,,,
La Cachonda Cachonda,"110 E Olive Dr, San Diego 92173",San Ysidro,32.552724,-117.042622,,,,,,,
La Canada Mexican Food,"940 Cardiff St, San Diego 92114",Paradise Hills,32.715775,-117.025519,,,,,,,
La Casa del Patron,"7102 El Cajon Blvd., San Diego 92115",La Mesa,32.7689008,-117.0448069,,,,,,,
La Casa Maria,"6969 El Cajon Blvd, San Diego 92115",College Area,32.768555,-117.047851,,,,,,,
La Fachada,"20 25th St, San Diego 92102",Logan Heights/Sherman Heights,32.705597,-117.140362,,,,,,,
La Finca D'Adobe,"5202 Bonita Road, Bonita 91902",Bonita,32.672469,-117.019497,,,,,,,
La Fresqueria,"550 W C St, San Diego 92101",Core-Columbia,32.716837,-117.167706,,,,,,,
La Fuente,"8690 Aero Drive, San Diego 92123",Kearny Mesa,32.810127,-117.140876,,,,,,,
La Fuente Mexican Food,"1227 University Avenue, San Diego 92103",Hillcrest,32.748363,-117.152735,,,,,,,
La Hacienda,"2752 E 18th St, National City 91950",National City,32.674925,-117.075326,,,,,,,
La India Bonita,"1455 Melrose Avenue, Chula Vista 91911",Chula Vista,32.607278,-117.039897,,,,,,,
La Lomita Mexican Grill,"3100 E 8th St, National City 91950",National City,32.684546,-117.074773,,,,,,,
La Loteria,"9335 Air Way Rd Suit 112, San Diego 92154",Otay Mesa West,32.560235,-116.944011,,,,,,,
La Mesita Mexican Food,"7012 University Ave, La Mesa 91942",La Mesa,32.755381,-117.047196,,,,,,,
La Palapa Nayarit,"1873 Palm Ave, San Diego 92154",Egger Highlands,32.58325,-117.093426,,,,,,,
La Panaderia at Bazaar Del,"2754 Calhoun St, San Diego 92110",Old Town,32.754977,-117.197027,,,,,,,
La Perla Cocina Mexicana & Burrito Factory,"745 Emerald Street, San Diego 92109",Pacific Beach,32.7983046,-117.2565632,,,,,,,
La Pinata Mexican,"2836 Juan St, San Diego 92110",Old Town,32.756289,-117.197488,,,,,,,
La Playa Taco Shop,"3973 Mission Blvd, San Diego 92109",Mission Beach,32.789286,-117.253232,,,,,,,
La Popular Tortilleria,"2194 National Ave, San Diego 92113",Barrio Logan,32.697448,-117.140193,,,,,,,
La Posta de Acapulco,"9914 Campo Rd, Spring Valley 91977",Spring Valley,32.748099,-116.982702,,,,,,,
La Posta de Acapulco's,"3980 3rd Avenue, San Diego 92103",Hillcrest,32.749516,-117.162886,,,,,,,
La Puerta,"560 4th Avenue, San Diego 92101",Gaslamp,32.711042,-117.161207,,,,,,,
La Salsa,"415 Horton Plz, San Diego 92101",Horton Plaza,32.714286,-117.161228,,,,,,,
La Salsa Fresh Mexican Grill,"12880 Carmel Country Rd, San Diego 92130",Carmel Valley,32.9545139,-117.2295164,,,,,,,
La Salsa Restaurant - Escondido,"200 E Via Rancho Pkwy, Escondido 92025",Escondido,33.069264,-117.068726,,,,,,,
La Sierra Cafe,"306 Highland Ave, National City 91950",National City,32.682292,-117.100499,,,,,,,
La Tiendita de Linda Vista,"2187 Ulric St, San Diego 92111",Linda Vista,32.783699,-117.169265,,,,,,,
La Tiendita Mexican Market,"3851 Clairemont Mesa Blvd, San Diego 92117",Clairemont,32.827409,-117.205284,,,,,,,
La Villita Mexican and Seafood,"1604 E 18th St, National City 91950",National City,32.6715659,-117.0867109,,,,,,,
Lalo's,"1266 University Avenue, San Diego 92103",Hillcrest,32.748551,-117.152726,,,,,,,
Las Brazas Mexican Food,"330 W Felicita Ave, Escondido 92025",Escondido,33.104568,-117.073647,,,,,,,
Las Cuatro Milpas,"1857 Logan Ave, San Diego 92113",Barrio Logan,32.7019382,-117.1451194,,,,,,,
Las Hadas Bar & Grill,"558 Fourth Avenue, San Diego 92101",Gaslamp,32.711026,-117.161206,,,,,,,
Las Morelianas Carnitas Estilo,"3645 University Ave, San Diego 92104",City Heights East,32.749563,-117.114561,,,,,,,
Las Olas Mexican Restaurant,"3924 W Point Loma Boulevard, San Diego 92110",Point Loma,32.7543707,-117.2220424,,,,,,,
Las Parrillas Mexican Food,"2451 Jamacha Rd, El Cajon 92019",El Cajon,32.745319,-116.928161,,,,,,,
Las Uvas,"632 National City Blvd, National City 91950",National City,32.6769001,-117.1076128,,,,,,,
Lienzo Charro,"12511 Poway Rd, Poway 92064",Poway,32.952087,-117.059746,,,,,,,
Lime,"653 5th Avenue, San Diego 92101",Gaslamp,32.71208,-117.160036,,,,,,,
Liticker's Liquor & Deli,"4955 Voltaire St, San Diego 92107",Ocean Beach,32.7514148,-117.246049,,,,,,,
Living Room Cafe & Bistro,"2541 San Diego Ave, San Diego 92110",Old Town,32.752897,-117.195317,,,,,,,
Livingston's Chicken Kitchen,"5026 Newport Ave, San Diego 92107",Ocean Beach,32.747314,-117.251485,,,,,,,
Lolita's,"202 Park Boulevard, San Diego 92101",East Village,32.707451,-117.154896,,,,,,,
Lolita's Taco Shop,"7305 Clairemont Mesa Boulevard, San Diego 92111",Kearny Mesa,32.832563,-117.160706,,,,,,,
Lolita's Taco Shop,"4516 Bonita Rd, Bonita 91902",Bonita,32.661466,-117.030745,,,,,,,
Loma Bonita,"1155 Scott Street, San Diego 92106",Point Loma,32.721472,-117.23014,,,,,,,
Lomas Cafe,"3218 Main Street, Chula Vista 91911",Chula Vista,32.594937,-117.064013,,,,,,,
Los Amigos Cocina,"3130 University Ave, San Diego 92104",North Park,32.748637,-117.126744,,,,,,,
Los Dos Pedros,"723 Turquoise Street, San Diego 92109",Pacific Beach,32.808235,-117.260421,,,,,,,
Los Koras,"4297 Market St, San Diego 92102",Encanto,32.711363,-117.102529,,,,,,,
Los Locos Bar & Grill,"2502 San Diego Ave, San Diego 92110",Old Town,32.753023,-117.1948797,,,,,,,
Los Palmitos Taco Shop,"5145 Clairemont Mesa Blvd, San Diego 92117",Clairemont,32.834263,-117.179937,,,,,,,
Los Panchitos,"2860 Main St, San Diego 92113",Barrio Logan,32.6928308,-117.1323357,,,,,,,
Los Panchos de Charly,"431 E Street, San Diego 92101",Gaslamp,32.714519,-117.16075,,,,,,,
Los Panchos Taco Shop,"409 Washington St, San Diego 92103",Hillcrest,32.749763,-117.161336,,,,,,,
Los Pinos Taco Shop,"5660 Lake Murray Blvd, La Mesa 91942",La Mesa,32.782211,-117.030495,,,,,,,
Los Primos,"7770 Regents Road, San Diego 92122",University City,32.862089,-117.223004,,,,,,,
Los Primos,"16621 Dove Canyon Rd, San Diego 92127",Rancho Bernardo,33.01514,-117.111672,,,,,,,
Los Primos Mexican Food,"2556 Laning Rd, San Diego 92106",Point Loma,32.7280065,-117.2176881,,,,,,,
Los Primos Mexican Food,"9211 Clairemont Mesa Blvd, San Diego 92123",Kearny Mesa,32.8311625,-117.1303717,,,,,,,
Los Primos Mexican Food,"7343 Jackson Dr, San Diego 92119",San Carlos,32.8020521,-117.0430013,,,,,,,
Los Primos Mexican Food,"1605 Cactus Rd, San Diego 92154",Otay Mesa West,32.567816,-116.988136,,,,,,,
Los Primos Mexican Food,"3733 Main St, Chula Vista 91911",Chula Vista,32.594563,-117.052912,,,,,,,
Los Primos Mexican Food,"16711 Bernardo Center Dr, San Diego 92128",Rancho Bernardo,33.017487,-117.07561,,,,,,,
Los Reyes Mexican Food,"2496 Broadway, San Diego 92102",Golden Hill/South Park,32.715937,-117.14052,,,,,,,
Los Reyes Mexican Food,"1270 Picador Blvd, San Diego 92154",Otay Mesa West,32.573914,-117.054335,,,,,,,
Los Reyes Mexican Food,"4696 Market St, San Diego 92102",Encanto,32.711537,-117.093795,,,,,,,
Los Rios Mexican & Seafood,"7977 Broadway, Lemon Grove 91945",Lemon Grove,32.7427083,-117.0273385,,,,,,,
Los Taquitos Taco Shop,"1665 Third Avenue, Chula Vista 91911",Chula Vista,32.595569,-117.064336,,,,,,,
Los Tres Potrillos,"362 E San Ysidro Blvd, San Ysidro 92173",San Ysidro,32.55088,-117.038525,,,,,,,
Lucha Libre,"3016 University Avenue, San Diego 92104",North Park,32.7486959,-117.1297798,,,,,,,
Lucys Taco Shop,"3542 Ashford St, San Diego 92111",Clairemont,32.808212,-117.160062,,,,,,,
Lucy's Taco Shop,"109 W C St, San Diego 92101",Core-Columbia,32.716563,-117.164014,,,,,,,
Lupe's Cafe,"12759 Poway Rd, Poway 92064",Poway,32.955729,-117.054744,,,,,,,
Lupe's Taco Shop,"7621 Linda Vista Rd, San Diego 92111",Clairemont,32.8014604,-117.1572042,,,,,,,
Luzitas,"2933 Beyer Blvd, San Diego 92154",Otay Mesa West,32.574915,-117.067467,,,,,,,
Lydia's Cafe,"1628 Palm Ave, San Diego 92154",Egger Highlands,32.584037,-117.098715,,,,,,,
Ma Eugenia's Kitchen,"2455 Imperial Ave, San Diego 92102",Logan Heights/Sherman Heights,32.7062322,-117.1411722,,,,,,,
Macho's Taco Shop,"3757 Avocado Blvd, La Mesa 91941",La Mesa,32.747471,-116.961939,,,,,,,
Maggies Cafe,"3232 D Greyling Dr, San Diego 92123",Serra Mesa,32.8022793,-117.1395772,,,,,,,
Mama Testa,"9225 Mira Mesa Blvd, Ste 102, San Diego 92126",East Village,32.916557,-117.125923,,,,,,,
Manana's Mexican Food,"1255 Avocado Ave, El Cajon 92020",El Cajon,32.7803981,-116.9578005,,,,,,,
Marcy's Taco Shop,"756 Ventura Place, San Diego 92109",Mission Beach,32.772068,-117.251883,,,,,,,
Margarita's Family,"4955 Newport Ave, San Diego 92107",Ocean Beach,32.746292,-117.250379,,,,,,,
Margarita's Kitchen,"879 W Harbor Dr, San Diego 92101",Marina,32.711267,-117.170308,,,,,,,
Mariscos Costa Azul,"1555 Palm Ave, San Diego 92154",Egger Highlands,32.583663,-117.100481,,,,,,,
Mariscos del Toro,"2490 Main Street, Chula Vista 91911",Chula Vista,32.5951966,-117.0801675,,,,,,,
Mariscos el Kiki,Location Varies 91911,Chula Vista,32.5946168,-117.0811201,,,,,,,
Mariscos El Pulpo,"415 Market Street, San Diego 92101",Gaslamp,32.7112766,-117.1607152,,,,,,,
Mariscos El Titanic,"3600 Fairmount Ave, San Diego 92105",City Heights East,32.744146,-117.101153,,,,,,,
Mariscos German Lonchera Taco Truck,"3269 Beyer Blvd, San Diego 92173",Otay Mesa West,32.5675467,-117.0632296,,,,,,,
Mariscos Kikos Place El Original de San Felipe Fish Taco 1.25,"4404 Texas St, San Diego 92116",University Heights,32.7574309,-117.139193,,,,,,,
Mariscos La Cacho,"3120 Main Street, Chula Vista 91911",Chula Vista,32.5947706,-117.066217,,,,,,,
Mariscos la Sinaloense,"9410 Apple St, Spring Valley 91977",Spring Valley,32.71506,-116.9969156,,,,,,,
Mariscos Negro Durazo,"6954 Federal Blvd, Lemon Grove 91945",Lemon Grove,32.74182,-117.04854,,,,,,,
Mariscos Nine Seas Seafood,"3030 Grape Street, San Diego 92102",Golden Hill/South Park,32.7268354,-117.1288843,,,,,,,
Maritza's Mexican Food,"3582 Mount Acadia Blvd, San Diego 92111",Clairemont,32.806781,-117.182931,,,,,,,
Marlen's Taco Shop,"8921 Jamacha Rd, Spring Valley 91977",Spring Valley,32.714663,-117.006727,,,,,,,
Mauricio's,"5375 Kearny Villa Road, San Diego 92123",Kearny Mesa,32.830587,-117.138658,,,,,,,
Mauricio's,"3200 Adams Ave, San Diego 92116",Normal Heights,32.763537,-117.124836,,,,,,,
McDini's,"105 E 8th St, National City 91950",National City,32.676253,-117.105766,,,,,,,
Mexican Fiesta,"1460 India Street, San Diego 92101",Little Italy,32.720478,-117.168462,,,,,,,
Mexican Fiesta,"11259 Camino Ruiz, San Diego 92126",Mira Mesa,32.926744,-117.143835,,,,,,,
Mexican Village,"809 W Harbor Dr, San Diego 92101",Marina,32.711267,-117.16993,,,,,,,
Mexico Viejo Mexican Food,"362 E San Ysidro Blvd, San Diego 92173",San Ysidro,32.55088,-117.038525,,,,,,,
Mexicocina,"12213 Poway Rd, Poway 92064",Poway,32.950725,-117.067223,,,,,,,
Mi Amigo Mexican Food & Sea,"4408 University Ave, San Diego 92105",City Heights East,32.749737,-117.099563,,,,,,,
Mi Amigo's Taco Shop,"1999 Sweetwater Rd, National City 91950",National City,32.661365,-117.078726,,,,,,,
Mi Guadalajara Taco Shop,"6358 Del Cerro Blvd, San Diego 92120",College Area,32.783419,-117.060545,,,,,,,
Mi Ranchito Mexican,"12812 Rancho Penasquitos Blvd, San Diego 92129",Rancho Penasquitos,32.950907,-117.10769,,,,,,,
Mi Rancho Taco Shop Numero Uno,"3170 Main St, San Diego 92113",Barrio Logan,32.692857,-117.125788,,,,,,,
Miguel's Cocina,"2912 Shelter Island Drive, San Diego 92106",Point Loma,32.722246,-117.230048,,,,,,,
Miguel's Cocina,"2444 San Diego Avenue, San Diego 92110",Old Town,32.752208,-117.193844,,,,,,,
Miguel's Cocina,"10514 Craftsman Way, San Diego 92127",Rancho Bernardo,33.020272,-117.111524,,,,,,,
Mike's Taco Club,"5060 Newport Avenue, San Diego 92107",Ocean Beach,32.7475203,-117.252094,,,,,,,
Miramar Cafe,"7128 Miramar Rd, San Diego 92121",Miramar,32.879678,-117.160606,,,,,,,
"Mis Dos Gallos Taqueria, Fruit & Deli","1088 Estes St, El Cajon 92020",El Cajon,32.7806175,-116.9665944,,,,,,,
Mission Taco Mexican Food,"10443 San Diego Mission Rd, San Diego 92108",Grantville,32.785788,-117.113297,,,,,,,
Mr Tacos,"2503 Sweetwater Rd, National City 91950",National City,32.660114,-117.0720889,,,,,,,
Mr. Ruriberto's Taco Shop,"3202 Mission Blvd, San Diego 92109",Mission Beach,32.772101,-117.251362,,,,,,,
Murphy's Market (City Heights),"3596 Fairmount Ave, San Diego 92105",City Heights East,32.743521,-117.101293,,,,,,,
Murrieta's,"5170 Bonita Rd, Bonita 91902",Bonita,32.671882,-117.020156,,,,,,,
Mustangs & Burros,"9700 N Torrey Pines Road, La Jolla 92037",La Jolla,32.884041,-117.244135,,,,,,,
MXN,"3742 Midway Drive, San Diego 92110",Point Loma,32.753389,-117.216972,,,,,,,
MXN,"5330 El Cajon Boulevard, San Diego 92115",City Heights East,32.757757,-117.080763,,,,,,,
MXN,"1525 Morena Boulevard, San Diego 92110",Bay Park,32.774563,-117.205605,,,,,,,
MXN,"2303 Garnet Avenue, San Diego 92109",Pacific Beach,32.802522,-117.227789,,,,,,,
Nati's Mexican,"1852 Bacon St, San Diego 92107",Ocean Beach,32.746217,-117.251825,,,,,,,
New Mexico Cafe,"1784 Newton Ave, San Diego 92113",Barrio Logan,32.701365,-117.147803,,,,,,,
Newport Quik Stop Liquor & Cafe Bella,"4291 Newport Avenue, San Diego 92107",Point Loma,32.7393236,-117.2388383,,,,,,,
Nico's Mexican Food,"4918 Newport Ave, San Diego 92107",Ocean Beach,32.746164,-117.249613,,,,,,,
Nico's Taco Shop,"3860 Valley Centre Dr, San Diego 92130",Carmel Valley,32.938823,-117.231843,,,,,,,
Nico's Taco Shop,"5151 Morena Pl, San Diego 92110",Linda Vista,32.768599,-117.199373,,,,,,,
Nolbertos Taco Shop,"3120 Market St, San Diego 92102",Logan Heights/Sherman Heights,32.711837,-117.126877,,,,,,,
Northgate Gonzalez Market,"1410 S 43rd St, San Diego 92113",Mountain View,32.691452,-117.102443,,,,,,,
Northgate Gonzalez Markets,"5403 University Ave, San Diego 92105",City Heights East,32.7469947,-117.0782634,,,,,,,
Old Campo Mexican,"1480 Jamacha Road #203, El Cajon 92019",El Cajon,32.7697874,-116.928481,,,,,,,
Old Town Mexican Cafe,"2489 San Diego Ave, San Diego 92110",Old Town,32.752503,-117.194715,,,,,,,
Old Town Mexican Cafe,"4010 Twiggs St, San Diego 92110",Old Town,32.753546,-117.195798,,,,,,,
Old Town Tequila Factory,"2467 Juan St, San Diego 92110",Old Town,32.7533854,-117.1934901,,,,,,,
On the Border,"1770 Camino De La Reina, San Diego 92108",Mission Valley,32.771136,-117.145752,,,,,,,
On the Border Mexican Grill,"10789 Westview Pkwy, San Diego 92126",Mira Mesa,32.916765,-117.120336,,,,,,,
On the Border Mexican Grill,"298 E Via Rancho Pkwy, Escondido 92025",Escondido,33.06875,-117.061621,,,,,,,
Ortega's,"4888 Newport Ave, San Diego 92107",Ocean Beach,32.745722,-117.24891,,,,,,,
Ortega's Mexican Bistro,"141 University Avenue, San Diego 92103",Hillcrest,32.748163,-117.163415,,,,,,,
Ortiz's Taco Shop,"3704 Voltaire Street, San Diego 92107",Point Loma,32.740321,-117.229078,,,,,,,
Ortiz's Taco Shop,"1313 Garnet Avenue, San Diego 92109",Pacific Beach,32.7986296,-117.2459429,,,,,,,
Oscar's Mexican Seafood,"646 University Avenue, San Diego 92103",Hillcrest,32.7483707,-117.1589727,,,,,,,
Oscar's Mexican Seafood,"703 Turquoise Street, San Diego 92109",Pacific Beach,32.808445,-117.2603199,,,,,,,
Pacific Beach Cantina,"1466 Garnet Avenue, San Diego 92109",Pacific Beach,32.7992696,-117.2432607,,,,,,,
Paleteria Pelacho's,"1604 E Valley Pkwy, Escondido 92027",Escondido,33.134668,-117.059566,,,,,,,
Paloma Taco Shop,"507 Sweetwater Rd, Spring Valley 91977",Spring Valley,32.706557,-117.010605,,,,,,,
Palominos Mexican & Sea Food,"9353 Clairemont Mesa Boulevard, San Diego 92123",Kearny Mesa,32.831262,-117.127788,,,,,,,
Palomino's Mexican & Seafood,"3860 Convoy Street, San Diego 92111",Kearny Mesa,32.8141,-117.153081,,,,,,,
Palominos Mexican Food,"9272 Miramar Rd, San Diego 92126",Miramar,32.893937,-117.127483,,,,,,,
Panaderia Mana,"1043 Elkelton Blvd, Spring Valley 91977",Spring Valley,32.713532,-117.016936,,,,,,,
Pananderia Gonzalez,"2036 Dairy Mart Rd, San Ysidro 92173",San Ysidro,32.560837,-117.062562,,,,,,,
Panchita's Bakery,"1879 Logan Ave, San Diego 92113",Barrio Logan,32.701665,-117.144819,,,,,,,
Pancho Villa's,"3245 El Cajon Blvd, San Diego 92104",City Heights East,32.755063,-117.123364,,,,,,,
Pancho's Mexican,"2257 Fletcher Pkwy, El Cajon 92020",El Cajon,32.802853,-116.994721,,,,,,,
Papa Chito's Mexican Food,"3951 Governor Dr, San Diego 92122",University City,32.854463,-117.203117,,,,,,,
Papas & Tacos,"2239 1st Ave, San Diego 92101",Middletown,32.728663,-117.163736,,,,,,,
Parky's,"6149 Lake Murray Blvd, La Mesa 91942",La Mesa,32.790045,-117.020134,,,,,,,
Patty's Cafe,"6155 Lake Murray Boulevard, La Mesa 91942",La Mesa,32.790216,-117.0209091,,,,,,,
Pedro's Cocina Mexicana,"3515 Sweetwater Springs Blvd., Spring Valley 91978",Spring Valley,32.742668,-116.972349,,,,,,,
Pedro's Cocina Mexicana,"3515 Sweetwater Springs Blvd, Spring Valley 91978",Spring Valley,32.742686,-116.972358,,,,,,,
Pepita's Cafe,"524 Highland Ave, National City 91950",National City,32.680398,-117.099756,,,,,,,
Perry's Cafe,"4620 Pacific Hwy, San Diego 92110",Old Town,32.755686,-117.201261,,,,,,,
Picante Taqueria,"6620 Mission Gorge Road, San Diego 92120",Grantville,32.793456,-117.098314,,,,,,,
Pizzeria D' Ortega's,"3445 Midway Drive, San Diego 92110",Point Loma,32.750576,-117.212916,,,,,,,
Platero's,"916 East 8th Street, National City 91950",National City,32.677968,-117.097197,,,,,,,
Pokez Mexican,"947 E Street, San Diego 92101",East Village,32.714522,-117.15579,,,,,,,
Polanco Kitchen and Bar,"901 Camino Del Rio S, San Diego 92108",University Heights,32.763549,-117.156475,,,,,,,
Pollos Don Pepe,"2937 Coronado Ave, San Diego 92154",Otay Mesa West,32.576363,-117.070354,,,,,,,
Ponce's Mexican Restaurant,"4050 Adams Ave, San Diego 92116",Kensington,32.763437,-117.107896,,,,,,,
Pozoleria Dona Maria,"1660 Broadway, Chula Vista 91911",Chula Vista,32.596153,-117.076088,,,,,,,
Primos Mexican Food,"919 Lomas Santa Fe Dr, Solana Beach 92075",Solana Beach,32.9957268,-117.2553325,,,,,,,
Proprieter's Reserve Wine Bar,"4711 34th St, San Diego 92116",Normal Heights,32.763722,-117.120465,,,,,,,
Puerto Nuevo,"3780 El Cajon Blvd, San Diego 92105",City Heights East,32.755437,-117.111952,,,,,,,
Puesto,"789 W Harbor Dr Suite 155, San Diego 92101",Marina,32.7107963,-117.1695511,,,,,,,
Puesto,"1026 Wall Street, La Jolla 92037",La Jolla,32.8467758,-117.2740002,,,,,,,
Qdoba Mexican Grill,"San Diego International Airport, San Diego 92101",Airport: SAN,32.732283,-117.204457,,,,,,,
Rafa's Mexican Food,"566 Paraiso Ave, Spring Valley 91977",Spring Valley,32.707161,-116.996397,,,,,,,
Ramberto's Taco Shop,"1039 Sweetwater Rd, Spring Valley 91977",Spring Valley,32.713944,-117.012593,,,,,,,
Ramirez Taco Shop,"3642 National Ave, San Diego 92113",Mountain View,32.696137,-117.115734,,,,,,,
Ramiro's Taco Shop,"4525 Mission Boulevard, San Diego 92109",Pacific Beach,32.796855,-117.255436,,,,,,,
Ranas Mexico City Cuisine,"9683 Campo Rd, Spring Valley 91977",Spring Valley,32.747863,-116.98771,,,,,,,
Rancho la Lena,"2367 San Diego Ave, San Diego 92110",Old Town,32.750635,-117.193143,,,,,,,
Rancho Valencia,"5921 Rancho Valencia Dr, Rancho Santa Fe 92067",Rancho Santa Fe,32.991409,-117.185791,,,,,,,
Rancho Viejo,"8001 Mission Gorge Rd, Santee 92071",Santee,32.836548,-117.0225618,,,,,,,
Rancho Villa's,"2425 Fletcher Pkwy, El Cajon 92020",El Cajon,32.802225,-116.997821,,,,,,,
Ranchos Cocina,"3910 30th Street, San Diego 92104",North Park,32.748765,-117.130362,,,,,,,
Ranchos Cocina,"1830 Sunset Cliffs Blvd, San Diego 92107",Ocean Beach,32.743656,-117.248756,,,,,,,
Ranchos Mexican & Vegetarian,"1830 Sunset Cliffs Boulevard, San Diego 92107",Ocean Beach,32.743645,-117.24876,,,,,,,
Ray's Mexican,"2885 El Cajon Boulevard, San Diego 92104",North Park,32.755063,-117.131847,,,,,,,
Rene's Mexican Grill and Cantina,"12845 Poway Rd, Poway 92064",Poway,32.956426,-117.052048,,,,,,,
Restaurant Vallarte,"2335 Roll Dr, San Diego 92154",Otay Mesa West,32.555833,-116.93729,,,,,,,
Rigoberto's,"5070 Federal Blvd, San Diego 92102",Oak Park,32.721537,-117.085828,,,,,,,
Rigobertos Taco Shop,"2704 University Avenue, San Diego 92104",North Park,32.748478,-117.13501,,,,,,,
Rigoberto's Taco Shop,"6990 La Jolla Boulevard, San Diego 92037",La Jolla,32.8325415,-117.2771181,,,,,,,
Rigoberto's Taco Shop,"7345 La Jolla Boulevard, La Jolla 92037",La Jolla,32.83736,-117.27821,,,,,,,
Rigoberto's Taco Shop,"5454 Jackson Drive, La Mesa 91942",La Mesa,32.778664,-117.01864,,,,,,,
Rigoberto's Taco Shop,"7094 Miramar Road, San Diego 92121",Miramar,32.879383,-117.162186,,,,,,,
Rincon Del Mar,"314 Highland Ave, National City 91950",National City,32.6821483,-117.1003063,,,,,,,
Robert Tacos and Mariscos,"999 Cardiff St, San Diego 92114",Paradise Hills,32.7166162,-117.0249937,,,,,,,
Roberto Taco Shop,"6695 Mira Mesa Blvd, San Diego 92121",Mira Mesa,32.9065742,-117.1747282,,,,,,,
Roberto's,"4770 Voltaire St, San Diego 92107",Ocean Beach,32.749656,-117.242521,,,,,,,
Roberto's Mexican Food,"2206 Carmel Valley Rd, Del Mar 92014",Torrey Pines,32.934165,-117.255021,,,,,,,
Roberto's Mexican Food,"445 N Hwy 101, Solana Beach 92075",Solana Beach,32.997867,-117.274171,,,,,,,
Roberto's Mexican Food,"492 W San Ysidro Blvd, San Diego 92173",San Ysidro,32.555889,-117.054014,,,,,,,
Roberto's Taco Shop,"5150 Murphy Canyon Rd, San Diego 92123",Kearny Mesa,32.826091,-117.119462,,,,,,,
Roberto's Taco Shop,"4090 El Cajon Blvd, San Diego 92105",Kensington,32.755364,-117.107397,,,,,,,
Roberto's Taco Shop,"7287 El Cajon Blvd, San Diego 92115",La Mesa,32.768663,-117.040728,,,,,,,
Roberto's Taco Shop,"6780 Miramar Rd, San Diego 92121",Sorrento Valley,32.878282,-117.168939,,,,,,,
Roberto's Taco Shop,"1525 Morena Blvd, San Diego 92110",Bay Park,32.7746781,-117.2057075,,,,,,,
Roberto's Taco Shop,"6030 Mission Gorge Rd, San Diego 92120",Grantville,32.783771,-117.098139,,,,,,,
Roberto's Taco Shop,"3755 Murphy Canyon Rd, San Diego 92123",Kearny Mesa,32.810269,-117.116673,,,,,,,
Roberto's Taco Shop,"2744 El Cajon Blvd, San Diego 92104",North Park,32.755537,-117.134543,,,,,,,
Roberto's Taco Shop,"4427 Ingraham St, San Diego 92109",Pacific Beach,32.798464,-117.240292,,,,,,,
Roberto's Taco Shop,"1104 E Washington Ave, El Cajon 92019",El Cajon,32.787755,-116.944217,,,,,,,
Roberto's Taco Shop Clairemont,"3095 Clairemont Dr, San Diego 92117",Bay Park,32.797212,-117.193127,,,,,,,
Rockin' Baja Coastal Cantina,"301 5th Avenue, San Diego 92101",Gaslamp,32.708445,-117.159985,,,,,,,
Rockin Baja Lobster,"310 5th Avenue, San Diego 92101",Gaslamp,32.70861,-117.160262,,,,,,,
Rodrigo's Taco Shop,"9926 Carmel Mountain Rd, San Diego 92129",Rancho Penasquitos,32.960484,-117.114784,,,,,,,
Rojelio's Taco Shop,"6145 El Cajon Blvd, San Diego 92115",College Area,32.762166,-117.065535,,,,,,,
Rolandos Taco Shop,"2303 National Ave, San Diego 92113",Barrio Logan,32.695905,-117.138416,,,,,,,
Rolando's Taco Shop,"3030 Kurtz Street, San Diego 92110",Point Loma,32.7530223,-117.2044909,,,,,,,
Rolberto's Mexican Food,"3462 Adams Ave, San Diego 92116",Normal Heights,32.763437,-117.118101,,,,,,,
Romesco Baja Med Bistro,"4346 Bonita Rd, Bonita 91902",Bonita,32.660473,-117.034089,,,,,,,
Rosarito Taco Shop,"2805 Lemon Grove Ave, Lemon Grove 91945",Lemon Grove,32.736729,-117.030786,,,,,,,
Rosarito's Mexican Food,"6062 Lake Murray Blvd, La Mesa 91942",La Mesa,32.7894,-117.022192,,,,,,,
Ruben's Tamale Shop,"9348 Jamacha Blvd, Spring Valley 91977",Spring Valley,32.708037,-116.99845,,,,,,,
Rubio's,"Univeristy of San Diego Price Center, 9500 Gillman Drive, La Jolla 92093",University of San Diego Price Center,32.872708,-117.237574,,,,,,,
Rubio's,"910 Grand Avenue, San Diego 92109",Pacific Beach,32.795335,-117.252777,,,,,,,
Rubio's,"5500 Grossmont Center Drive, La Mesa 91942",La Mesa,32.77981,-117.009753,,,,,,,
Rubio's,"4504 Mission Bay Drive, San Diego 92109",Pacific Beach,32.8026867,-117.2165653,,,,,,,
Rubio's,"2260 Callagan Highway, San Diego 92136",Barrio Logan,32.683436,-117.124394,,,,,,,
Rubio's Coastal Grill,"3555 Rosecrans Street, San Diego 92110",Point Loma,32.750126,-117.205411,,,,,,,
Rubio's Coastal Grill,"9187 Clairemont Mesa Boulevard, San Diego 92123",Kearny Mesa,32.831209,-117.131568,,,,,,,
Rubio's Coastal Grill,"7420 Clairemont Mesa Boulevard, San Diego 92111",Kearny Mesa,32.832841,-117.158501,,,,,,,
Rubio's Coastal Grill,"7530 Fay Avenue, La Jolla 92037",La Jolla,32.840868,-117.274075,,,,,,,
Rubio's Coastal Grill,"8855 Villa La Jolla Drive, La Jolla 92037",La Jolla,32.868196,-117.233342,,,,,,,
Rubio's Coastal Grill,"9254 Scranton Road, San Diego 92121",Sorrento Valley,32.890624,-117.201375,,,,,,,
Rubio's Coastal Grill,"8935 Towne Centre Drive, San Diego 92122",University City,32.868011,-117.206922,,,,,,,
Rubio's Coastal Grill,"10732 Westview Parkway, San Diego 92126",Mira Mesa,32.916531,-117.120656,,,,,,,
Rubio's Coastal Grill,"10785 Scripps Poway Parkway, San Diego 92131",Scripps Ranch,32.936567,-117.096869,,,,,,,
Rubio's Coastal Grill,"3675 Murphy Canyon Road, San Diego 92123",Kearny Mesa,32.808642,-117.115691,,,,,,,
Rubio's Coastal Grill,"3545 Del Mar Heights Road, San Diego 92130",Carmel Valley,32.954306,-117.230682,,,,,,,
Rubio's Coastal Grill,"437 South Highway 101, Solana Beach 92075",Solana Beach,32.986351,-117.270622,,,,,,,
Rubio's Coastal Grill,"3406 College Avenue, San Diego 92115",Lemon Grove,32.742944,-117.051958,,,,,,,
Rubio's Coastal Grill,"7836 Highlands Village Place, San Diego 92129",Rancho Penasquitos,32.96236,-117.154097,,,,,,,
Rubio's Coastal Grill,"16588 Bernardo Center Drive, San Diego 92128",Rancho Bernardo,33.014877,-117.077132,,,,,,,
Rubio's Coastal Grill,"12002 Carmel Mountain Road, San Diego 92128",Carmel Mountain,32.983468,-117.076222,,,,,,,
Rubio's Coastal Grill,"1485 East Valley Parkway, Escondido 92027",Escondido,33.132826,-117.061614,,,,,,,
Rudy's Taco Shop,"524 stevens ave, Solana Beach 92075",Solana Beach,32.990756,-117.261008,,,,,,,
Sabroso Taco Shop,"2363 Midway Drive, San Diego 92110",Point Loma,32.746043,-117.200638,,,,,,,
Saguaro's,"3753 30th Street, San Diego 92104",North Park,32.74649,-117.129936,,,,,,,
Sahira Mexican Food,"6904 Miramar Rd, San Diego 92121",Sorrento Valley,32.8792088,-117.1672595,,,,,,,
Salazar's Fine Mexican Food,"1502 Market Street, San Diego 92101",East Village,32.711637,-117.150224,,,,,,,
Salsa Brava,"4885 El Cajon Blvd, San Diego 92115",City Heights East,32.75633,-117.089312,,,,,,,
Salud! By San Diego Taco Company,"2196 Logan Ave, San Diego 92113",Barrio Logan,32.6980728,-117.1393529,,,,,,,
San Jose Tortilla Factory,"213 Highland Ave, National City 91950",National City,32.683141,-117.100468,,,,,,,
San Marcos,"2989 Coronado Ave, San Diego 92154",Otay Mesa West,32.576379,-117.068874,,,,,,,
Santana's Mexican Food,"7733 Palm St, Lemon Grove 91945",Lemon Grove,32.7343382,-117.0314204,,,,,,,
Santanas Mexican Grill,"9824 Campo Rd, Spring Valley 91977",Spring Valley,32.748137,-116.984846,,,,,,,
Santana's Mexican Grill,"719 W Washington Street, San Diego 92103",Hillcrest,32.749663,-117.169867,,,,,,,
Sara's Mexican Food,"2907 Mission Blvd, San Diego 92109",Mission Beach,32.765785,-117.251096,,,,,,,
Señor El Taquero,"435 Broadway Street, San Diego 92101",Gaslamp,32.715559,-117.160704,,,,,,,
Senor Pancho Fresh Mexican,"5089 College Ave, San Diego 92115",College Area,32.770526,-117.069608,,,,,,,
Shirleys Kitchen,"7118 University Ave, La Mesa 91941",La Mesa,32.75484,-117.045885,,,,,,,
Silva's Mexican Food,"9664 Campo Rd, Spring Valley 91977",Spring Valley,32.748137,-116.988004,,,,,,,
Sombrero Mexican Food,"7740 Copley Park Place, San Diego 92111",Kearny Mesa,32.83612,-117.15412,,,,,,,
Sombrero Mexican Food,"8590 Rio San Diego Drive, San Diego 92108",Mission Valley,32.775112,-117.144204,,,,,,,
Sombrero Mexican Food,"12090 Scripps Summit Drive, San Diego 92131",Scripps Ranch,32.938347,-117.100983,,,,,,,
Sombrero Mexican Food,"6178 Mission Gorge Road, San Diego 92120",Grantville,32.787407,-117.098134,,,,,,,
Sombrero Mexican Food,"11040 Rancho Carmel Drive, San Diego 92128",Carmel Mountain,32.977138,-117.08289,,,,,,,
Sombrero Mexican Food,"2201 Fern Street, San Diego 92104",Golden Hill/South Park,32.728745,-117.129436,,,,,,,
Sombrero Mexican Food,"1501 E Washington Avenue, El Cajon 92019",El Cajon,32.787297,-116.926906,,,,,,,
Sombrero Mexican Food,"691 Sweetwater Road, Spring Valley 91977",Spring Valley,32.708715,-117.011363,,,,,,,
Su Casa,"480 Alta Rd, San Diego 92179",Otay Mesa West,32.578819,-116.919162,,,,,,,
Su Casa Mexican,"6738 La Jolla Boulevard, La Jolla 92037",La Jolla,32.829883,-117.27713,,,,,,,
Su Roberto's Mexican Food,"5307 Lake Murray Blvd, La Mesa 91942",La Mesa,32.775315,-117.04497,,,,,,,
Super Bronco Mexican,"6725 Linda Vista Rd, San Diego 92111",Linda Vista,32.776033,-117.173104,,,,,,,
Super Bronco Taco Shop,"2455 Otay Center Dr, San Diego 92154",Otay Mesa West,32.555792,-116.942777,,,,,,,
Super Cocina,"3627 University Ave, San Diego 92104",City Heights East,32.749563,-117.114911,,,,,,,
Super Oscars,"7102 University Ave, La Mesa 91942",La Mesa,32.7549676,-117.0460777,,,,,,,
Super Sergio's,"4125 Convoy Street, San Diego 92111",Kearny Mesa,32.817382,-117.154636,,,,,,,
Super Sergio's,"1631 Sweetwater Rd, National City 91950",National City,32.661561,-117.082304,,,,,,,
Super Taco Loco,"1153 6th Ave, San Diego 92101",Core-Columbia,32.717336,-117.159088,,,,,,,
Taco Fiesta,"4111 W Point Loma Boulevard, San Diego 92110",Point Loma,32.753578,-117.223675,,,,,,,
Taco Fiesta,"4920 University Ave, San Diego 92105",City Heights East,32.749637,-117.088327,,,,,,,
Taco Fiesta,"6201 Mission Gorge Rd, San Diego 92120",Grantville,32.787846,-117.097536,,,,,,,
Taco Fiesta 2,"2939 Alta View Dr, San Diego 92139",Paradise Hills,32.676138,-117.038937,,,,,,,
Taco King,"6628 Mission Gorge Rd, San Diego 92120",Grantville,32.793915,-117.097418,,,,,,,
Taco Salsa Taco Shop,"925 E Plaza Blvd, National City 91950",National City,32.676871,-117.096888,,,,,,,
Taco Shop,"2583 Imperial Ave, San Diego 92102",Logan Heights/Sherman Heights,32.706263,-117.138548,,,,,,,
Taco Surf Taco Shop,"4657 Mission Boulevard, San Diego 92109",Pacific Beach,32.798652,-117.255989,,,,,,,
Taco Taco Poway,"13429 Community Rd, Poway 92064",Poway,32.9598924,-117.0403626,,,,,,,
Tacos & Tarros,"1225 Birch Road, Chula Vista 91915",Chula Vista,32.61775,-116.979249,,,,,,,
Tacos de Mexicali,"3450 El Cajon Boulevard, San Diego 92104",City Heights East,32.755557,-117.118843,,,,,,,
Tacos El Paisa,"840 S 47th St, San Diego 92113",Mountain View,32.697396,-117.093929,,,,,,,
Tacos El Paisa Mexican Grill,"2494 Imperial Ave, San Diego 92102",Logan Heights/Sherman Heights,32.706568,-117.140532,,,,,,,
Tacos El Panson,"4433 El Cajon Blvd, San Diego 92115",City Heights East,32.754963,-117.09942,,,,,,,
Tacos la Mezcla,"2221 Fern Street, San Diego 92104",Golden Hill/South Park,32.7291864,-117.1295054,,,,,,,
Tacos Perla,"3000 Upas Street, San Diego 92104",North Park,32.7411175,-117.1301046,,,,,,,
Tacos Si Senor,"4909 El Cajon Blvd, San Diego 92115",City Heights East,32.756421,-117.088662,,,,,,,
Tacos Y Senor Mexican Food,"119 W San Ysidro Blvd, San Ysidro 92173",San Ysidro,32.552637,-117.045049,,,,,,,
Tako Factory,"7287 El Cajon Blvd, San Diego 92117",La Mesa,32.768497,-117.040616,,,,,,,
Tamales Ancira,"2260 Main Street, Suite 17, Chula Vista 91911",Chula Vista,32.595221,-117.085016,,,,,,,
Tamales Chiapaneco,"549 25th St, San Diego 92102",Logan Heights/Sherman Heights,32.711056,-117.140085,,,,,,,
Tamales El Mexicano,"3850 University Avenue, San Diego 92105",Normal Heights,32.7488909,-117.0935815,,,,,,,
Taqueria El Rodeo,"4491 El Cajon Blvd, San Diego 92115",City Heights East,32.755137,-117.097868,,,,,,,
Taqueria Morelos,"309 N Ash St, Escondido 92027",Escondido,33.129398,-117.066634,,,,,,,
Taqueria Revolucion,"362 E San Ysidro Boulevard, San Diego, CA 92173",San Ysidro,32.5504307,-117.0387322,,,,,,,
Teresita's Fruiteria,"4370 Palm Ave. Suite S, San Diego 92154",Otay Mesa West,32.583873,-117.039709,,,,,,,
The Blind Burro,"639 J Street, San Diego 92101",Gaslamp,32.7093677,-117.1588401,,,,,,,
The Broken Yolk Cafe - Carmel Mountain,"11630 Carmel Mountain Rd, San Diego 92128",Carmel Mountain,32.979577,-117.081485,,,,,,,
The Broken Yolk Cafe - Mission Valley,"1760 Camino Del Rio North, San Diego 92108",Mission Valley,32.7690327,-117.1438152,,,,,,,
The Little Restaurant,"3227 Ocean View Boulevard, San Diego 92113",Logan Heights/Sherman Heights,32.7009195,-117.1245387,,,,,,,
The Local Eatery & Drinking Hole,"1065 4th Avenue, San Diego 92101",Core-Columbia,32.716315,-117.160936,,,,,,,
The Mission,"1250 J Street, San Diego 92101",East Village,32.709611,-117.153033,,,,,,,
The Mission,"2801 University Avenue, San Diego 92104",North Park,32.748363,-117.133418,,,,,,,
The Taco Stand,"621 Pearl Street, La Jolla 92037",La Jolla,32.8393518,-117.2768191,,,,,,,
Tierra Santa Mexican,"5950 Santo Rd, San Diego 92124",Tierrasanta,32.839052,-117.097602,,,,,,,
Tin Roof,"401 G Street, San Diego 92101",Gaslamp,32.712247,-117.16075,,,,,,,
Tio Chino,"3334 Rosecrans Street, San Diego 92110",Point Loma,32.7485549,-117.2076623,,,,,,,
Tio Leo's Mexican,"3510 Valley Centre Dr, San Diego 92130",Carmel Valley,32.937605,-117.235928,,,,,,,
Tio Leo's Mexican,"6333 Mission Gorge Rd, San Diego 92120",Grantville,32.789179,-117.097536,,,,,,,
Tio Leo's Mexican Restaurant,"5302 Napa St, San Diego 92110",Linda Vista,32.765858,-117.198142,,,,,,,
Tio Pepe,"3696 Ocean View Blvd, San Diego 92113",Mountain View,32.701437,-117.114791,,,,,,,
Tito's Taco Shop,"5257 Baltimore Drive, La Mesa 91942",La Mesa,32.7746058,-117.0272653,,,,,,,
TJ Oyster Bar,"4246 Bonita Rd, Bonita 91902",Bonita,32.660563,-117.03598,,,,,,,
TJ Oyster Bar #2,"4410 Bonita Road, Bonita 91902",Bonita,32.6608886,-117.0321904,,,,,,,
Toby's Taco Shop,"7160 Miramar Rd, San Diego 92121",Miramar,32.88023,-117.159519,,,,,,,
Tony's Jacal,"621 Valley Ave, Solana Beach 92075",Solana Beach,32.9888203,-117.258872,,,,,,,
Tortas Oasis,"1210 E Plaza Blvd, National City 91950",National City,32.6762163,-117.094152,,,,,,,
Tostadas,"3139 University Ave, San Diego, CA 92104",North Park,32.7483088,-117.1263654,,,,,,,
Trujillo Taco Shop,"5119 College Ave, San Diego 92115",College Area,32.77119,-117.069589,,,,,,,
Un Mundo Mexican Grill,"4150 Regents Park Row Suite 170, La Jolla 92037",La Jolla,32.873047,-117.217604,,,,,,,
Valencia's Mexican Food,"5201 Linda Vista Rd, Ste 102, San Diego 92110",Linda Vista,32.765368,-117.196447,,,,,,,
Valentina's Mexican Restaurant,"2407 E Valley Pkwy, Escondido 92027",Escondido,33.1402575,-117.0432374,,,,,,,
Valentine's Mexican Food,"842 Market Street, San Diego 92101",East Village,32.71178,-117.156822,,,,,,,
Vallarta,"4125 El Cajon Blvd, San Diego 92105",City Heights East,32.754963,-117.1067,,,,,,,
Vallarta Express,"9313 Mira Mesa Blvd, San Diego 92126",Mira Mesa,32.9168003,-117.1238606,,,,,,,
Vallarta Express Mexican Eatery,"4277 Genesee Ave, San Diego 92117",Clairemont,32.820905,-117.182463,,,,,,,
Vallarta Supermarket,"1315 E Valley Pkwy, Escondido 92027",Escondido,33.1304629,-117.0641511,,,,,,,
Vaqueros Carne Asada,"6936 Lisbon St, San Diego 92114",Paradise Hills,32.712137,-117.048214,,,,,,,
Verdes El Ranchero,"7404 La Jolla Boulevard, San Diego 92037",La Jolla,32.837678,-117.278334,,,,,,,
Village Kitchen,"4853 Newport Ave, San Diego 92107",Ocean Beach,32.745175,-117.248599,,,,,,,
Viva Sabor Mexican Grill,"8870 Navajo Rd, San Diego 92119",San Carlos,32.8041205,-117.0070937,,,,,,,
Wahoo's Fish Taco,"639 Pearl Street, La Jolla 92037",La Jolla,32.839376,-117.276766,,,,,,,
Wahoo's Fish Taco,"10436 Craftsman Way, San Diego 92127",Rancho Bernardo,33.0200845,-117.1138624,,,,,,,
Wanna Taco,"4211 Camino De La Plz, San Ysidro 92173",San Ysidro,32.545263,-117.042361,,,,,,,
Yesenia's Mexican Food,"12075 Carmel Mountain Rd., San Diego 92128",Carmel Mountain,32.98403,-117.075428,,,,,,,
